species_name,Host,impact_host_range,references
Phytophthora 'acacia',NA,NA,NA
Phytophthora 'aquatilis',NA,NA,NA
Phytophthora 'castitis',NA,NA,NA
Phytophthora 'emanzi',NA,NA,NA
Phytophthora 'kelmania',NA,NA,NA
Phytophthora 'mekongensis',NA,NA,NA
Phytophthora 'ohioensis',NA,NA,NA
Phytophthora 'paludosa',NA,NA,NA
Phytophthora 'parsley',NA,NA,NA
Phytophthora 'personii',Nicotiana tabacum (Solanaceae).,1,"Jung, T., Stukely, M. J., Hardy, G. E., White, D., Paap, T., Dunstan, W. A., & Burgess, T. I. (2011). Multiple new Phytophthora species from ITS Clade 6 associated with natural ecosystems in Australia: evolutionary and ecological implications. Persoonia, 26, 13-39."
Phytophthora 'prodigiosa',NA,NA,NA
Phytophthora 'raspberry',NA,NA,NA
Phytophthora 'walnut',NA,NA,NA
Phytophthora acerina,Acer pseudoplatanus (Sapindaceae),1,"Ginetti, B. , Moricca, S. , Squires, J. N., Cooke, D. E., Ragazzi, A. and Jung, T. (2014), Phytophthora acerina sp. nov., a new species causing bleeding cankers and dieback of Acer pseudoplatanus trees in planted forests in northern Italy. Plant Pathol, 63: 858-876"
Phytophthora agathidicida,Agathis australis (Araucariaceae) and soil from mixed podocarp broad-leaf forest,1,"Weir, B.S., Paderes, E.P., Anand, N., Uchida, J.Y., Pennycook, S.R., Bellgard, S.E., and Beever, R.E. 2015. A taxonomic revision of Phytophthora Clade 5 including two new species, Phytophthora agathidicida and P. cocois. Phytotaxa 205: 21-38. (47827)"
Phytophthora alticola,"Eucalyptus badjensis, Eucalyptus dunnii, Eucalyptus macarthurii (Myrtaceae).",1,"Simamora, A.V., Stukely, M.J.C., St J. Hardy, G.E., and Burgess, T.I. 2015. Phytophthora boodjera sp. nov., a damping-off pathogen in production nurseries and from urban and natural landscapes, with an update on the status of P. alticola. IMA Fungus 6(2): 319-335; Maseko, B., Burgess, T. I. , Coutinho, T.A., and Wingfeld, M.J. 2007. Two new Phytophthora species from South African Eucalyptus plantations. Mycol. Res. 111: 1321-1338."
Phytophthora amaranthi,"Amaranthus tricolor, A. viridis (Amaranthaceae)",1,"Ann, P.-J., Huang, J.-H., Tsai, J.-N., and Ko, W.-H. 2016. Morphological, molecular and pathological characterization of Phytophthora amaranthi sp. nov. from Amaranth in Taiwan. J. Phytopathol. 164: 94-101. "
Phytophthora amnicola,Isolated from still water: Western Australia,0,"Crous, P.W., Summerell, B.A., Shivas, R.G., Burgess, T.I., Decock, C.A., Dreyer, L.L., Granke, L.L., Guest, D.I., St. J. Hardy, G.E., Hausbeck, M.K., Huberli, D., Jung, T., Koukol, O., Lennox, C.L., Liew, E.C.Y., Lombard, L., McTaggart, A.R., Pryke, J.S., Roets, F., Saude, C., Shuttleworth, L.A., Stukely, M.J.C., Vanky, K., Webster, B.J., Windstam, S.T., and Groenewald, J.Z. 2012. Fungal Planet description sheets: 107-127. Persoonia 28: 138-182"
Phytophthora aquimorbida,Water,0,"Hong, C., Richardson, P.A., Hao, W., Ghimire, S.R., Kong, P., Moorman, G.W., Lea-Cox, J.D., and Ross, D.S. 2012. Phytophthora aquimorbida sp. nov. and Phytophthora taxon 'aquatilis' recovered from irrigation reservoirs and a stream in Virginia, USA. Mycologia 104: 1097-1108"
Phytophthora arenaria,"Banksia littoralis, B. attenuata, B. sphaerocarpa, B. hookeriana, B. menziesii, Hibbertia hypericoides, and Eucalyptus drummondii are hosts (Rea et al 2011)",3,"Rea AJ, Burgess TI, Hardy GESJ, Stukely MJC, Jung T. (2011) Two novel and potentially endemic species of Phytophthora associated with episodic dieback of Kwongan vegetation in the south-west of Western Australia. Plant Pathology 60: 1055–1068; Simamora, A.V., Stukely, M.J.C., St J. Hardy, G.E., and Burgess, T.I. 2015. Phytophthora boodjera sp. nov., a damping-off pathogen in production nurseries and from urban and natural landscapes, with an update on the status of P. alticola. IMA Fungus 6(2): 319-335"
Phytophthora asiatica,"Robinia pseudoacacia, Pueraria lobata (Fabaceae)",1,"Rahman, M.Z., Mukobata, H., Suga, H., and Kageyama, K. 2014. Phytophthora asiatica sp. nov., a new species causing leaf and stem blight of kudzu in Japan. Mycol. Progr. 13: 759-769: Ho, H.H. 2002. Phytophthora cinnamomi var. robiniae var. nova on Black Locust in Jiangsu Province of China. Mycotaxon 82: 391-396"
Phytophthora asparagi,"Asparagus (Asparagaceae), Pistacia lentiscus (Anacardiaceae), Juniperus phoenicea (Cupressaceae)",3,"Scanu, B., Linaldeddu, B.T., Deidda, A., and Jung, T. 2015. Diversity of Phytophthora species from declining Mediterranean maquis vegetation, including two new species, Phytophthora crassamura and P. ornamentata sp. nov. PLoS ONE 10(12): e0143234;Kodama, F., Sonoda, T., Kawamura, T., Okada, T., Fujii, N., Nara, C., Igarashi, Y., Toda, T., Fuji, S., and Furuya, H. 2015. First report of blight disease of asparagus by Phytophthora sp. in Clade 6 in Japan. Pl. Dis. 99(12): 1857-1858;  "
Phytophthora attenuata,"Castanopsis carlesii (Fagaceae), Chamaecyparis formosensis (Cupressaceae)",2,"Jung, T., Jung, M.H., Scanu, B., Seress, D., Kovacs, G.M., Maia, C., Perez-Sierra, A., Chang, T.-T., Chandelier, A., Heungens, K., Van Poucke, K., Abad-Campos, P., Leon, M. , Cacciola, S.O., and Bakonyi, J. 2017. Six new Phytophthora species from ITS clade 7a including two sexually functional heterothallic hybrid species detected in natural ecosystems in Taiwan. Persoonia 38: 100-135"
Phytophthora austrocedri,"Austrocedrus chilensis in Argentina,  Juniperus horizontalis in Germany, Juniperus communis and other ornamental Juniperus spp. in northern Britain Also isolated in Scotland from declining Chamaecyparis lawsoniana (Green and MackAskill, unpublished) and Callitropsis nootkatensis (Green et al, 2016) (UK lineage in both cases) . DNA records on Cuppressocyparis leylandii (UK Plant Health data) (lineage not defined). ",1,"Green, S., Hendry, S.J., MacAskill, G.A., Laue, B.E., and Steele, H. 2012. Dieback and mortality of Juniperus communis in Britain assoicated with Phytophthora austrocedrae. New Disease Reports 26: 2; Greslebin, A.G., Hansen, E.M., and Sutton, W. 2007. Phytophthora austrocedrae sp. nov., a new species associated with Austrocedrus chilensis mortality in Patagonia (Argentina). Mycol. Res. 111: 308-316; Mahdikhani, M., Matinfar, M., and Aghaalikhani, A. 2017. First report of Phytophthora austrocedri causing phloem lesions and bronzing on Cupressus sempervirens in northern Iran. New Disease Reports 36: 10 "
Phytophthora balyanboodja,"rhizosphere 
soil 
of mixed native vegetation",0,"Burgess, T.I., Simamora, A.V., White, D., Williams, B., Schwager, M., Stukely, M.J.C., and St. J. Hardy, G.E. 2018. New species from Phytophthora clade 6a: evidence for recent radiation. Persoonia 41: 1-17"
Phytophthora bilorbang,"Rubus anglocandicans (Rosaceae), Alnus glutinosa (Betulaceae), Juniperus phoenicea (Cupressaceae), Pistacia lentiscus (Anacardiaceae)",4,"Scanu, B., Linaldeddu, B.T., Perez-Sierra, A., Deidda, A., and Franceschini, A. 2014. Phytophthora ilicis as a leaf and stem pathogen of Ilex aquifolium in Mediterranean islands. Phytopathol. Medit. 53(3): 480-490; Scanu, B., Linaldeddu, B.T., Deidda, A., and Jung, T. 2015. Diversity of Phytophthora species from declining Mediterranean maquis vegetation, including two new species, Phytophthora crassamura and P. ornamentata sp. nov. PLoS ONE 10(12): e0143234; Aghighi, S., St J. Hardy, G.E., Scott, J.K., and Burgess, T.I. 2012. Phytophthora bilorbang sp. nov., a new species associated with the decline of Rubus anglocandicans (European blackberry) in Western Australia. Eur. J. Pl. Pathol. 133: 841-855"
Phytophthora bishii,"Several genera of Rosaceae. (Strawberry, raspberry, Rose)  (Abad et al 2008).  Rosaceae & Rhododendron sp. (Ericaceae) (Q-bank)",2,"Abad, Z.G., Abad, J.A., Coffey, M.D., Oudemans, P.V., Man in 't Veld, W.A., Cunnington, J., and Louws, F.J. 2008. Phytophthora bisheria sp. nov., a new species identified in isolates from the Rosaceous raspberry, rose and strawberry in three continents. Mycologia 100: 99-110; Yang, X., Tyler, B.M., and Hong, C. 2017. An expanded phylogeny for the genus Phytophthora. IMA Fungus 8(2): 355-384 "
Phytophthora boehmeriae,"Citrus spp. (Rutaceae), Capsicum annuum (Chowdappa et al 2014)  Boehmeria nivea (Urticaceae); Gossypium sp. (Malvaceae) cotton; soil beneath dead Persoonia longifolia (Q-bank)",4,"Erwin, D.C., and Ribeiro, O.K. 1996. Phytophthora Diseases Worldwide. APS Press, St. Paul, Minnesota, 562 pages; Chowdappa, P., Madhura, S., Kumar, B.J.N., Kumar, S.P.M., and Hema, K.R. 2014. Phytophthora boehmeriae Revealed as the Dominant Pathogen Responsible for Severe Foliar Blight of Capsicum annuum in South India. Pl. Dis. 98: 90-98; "
Phytophthora boodjera,"Banksia grandis, B. media (Proteaceae), Eucalyptus spp., Corymbia calophylla, Agonis flexuosa (Myrtaceae), Xanthorrhoea preissii (Xanthorrheaceae)",3,"Simamora, A.V., Stukely, M.J.C., St J. Hardy, G.E., and Burgess, T.I. 2015. Phytophthora boodjera sp. nov., a damping-off pathogen in production nurseries and from urban and natural landscapes, with an update on the status of P. alticola. IMA Fungus 6(2): 319-335"
Phytophthora borealis,Streams (Hansen et al 2012),0,"Hansen, E.M., Reeser, P.W. , and Sutton, W. 2012. Phytophthora borealis and Phytophthora riparia, new species in Phytophthora ITS Clade 6. Mycologia 104: 1133-1142"
Phytophthora botryosa,Hevea spp. (Euphorbiaceae). Theobroma cacao and other cultivated spp. can be infected on inoculation;Hevea brasiliensis (Euphorbiaceae); Cocos nucifera (Palmae); Vanilla sp. (Orchidaceae) (Q-Bank),4,"Chee (1969) Variability of Phytophthora species from Hevea brasiliensis;Yang, X., Tyler, B.M., and Hong, C. 2017. An expanded phylogeny for the genus Phytophthora. IMA Fungus 8(2): 355-384"
Phytophthora brassicae,Brassica oleracea and Brassica sinensis (Brassicaceae).,1,"Bertier, L., Brouwer, H., de Cock, A.W.A.M., Cooke, D.E.L., Olsson, C.H.B., and Hofte, M. 2013. The expansion of Phytophthora clade 8b: three new species associated with winter grown vegetable crops. Persoonia 31: 63-76"
Phytophthora cactorum,"At least 154 genera of vascular plants in 54 families                                                                          Cactus sp. (Cactacea); Lilium candidum (Liliaceae); Panax ginseng (Araliaceae); Prunus armeniaca (Rosaceae); Prunus laurocerasus ""Rotundifolia"" (Rosaceae); Rhododendron (Ericaceae); Syringa vulgaris (Oleaceae) (Q-bank)                                         Common hosts are Strawberry and Apple (DC database)",54,"Farr, D.F., & Rossman, A.Y. Fungal Databases, U.S. National Fungus Collections, ARS, USDA"
Phytophthora cajani,Cajanus cajani (Fabaceae).,1,"Kannaiyan, J., Ribeiro, O.K., Erwin, D.C., and Nene, Y.L. 1980. Phytophthora blight of pigeon pea in India. Mycologia 72: 169-181"
Phytophthora cambivora,"30 genera in 19 families, including Castanea (chestnut, Fagaceae).     Andromeda floribunda (Ericaceae); Castanea sativa (Fagaceae); Chamaecyparis sp. (Cupressaceae) (Q-bank)",19,"Farr, D.F., & Rossman, A.Y. Fungal Databases, U.S. National Fungus Collections, ARS, USDA"
Phytophthora capensis,Associated with Agathosma spp. and has not been evaluated for pathogenicity towards this host. Isolated from  Curtisia dentata (Curtisiaceae); Olea capensis (Oleaceae) (Bezuidenhout et al 2010).,3,"Bezuidenhout, C.M., Denman, S., Kirk, S.A., Botha, W.J., Mostert, L., and McLeod, A. 2010. Phytophthora taxa associated with cultivated Agathosma, with emphasis on the P. citricola complex and P. capensis sp. nov. Persoonia 25: 32-49; Yang, X., Tyler, B.M., and Hong, C. 2017. An expanded phylogeny for the genus Phytophthora. IMA Fungus 8(2): 355-384"
Phytophthora capsici,"51 genera in 28 families, including Capsicum annuum (peppers), Solanum lycopersicum (tomato), and other Solanaceae. Aragaki & Uchida 2001 refer isolates from non-Capsicum hosts to P. tropicalis, including isolates from Macadamia spp., Theobroma cacao (cacao), and other tropical crop speciesCapsicum annuum (peppers), Lycopersicon esculentum (tomatoes), and other Solanaceae. Aragaki & Uchida 2001 refer isolates from non-Capsicum hosts to P. tropicalis, including isolates from Macadamia spp., Theobroma cacao (cacao), and other tropical crop species.  Capsicum annuum (Solanaceae); Capsicum frutescens (Solanaceae); Citrullus lanatus (Cucurbitaceae); Cucumis melo (Cucurbitaceae); Cucurbita sp. (Cucurbitaceae); Lycopersicon esculentum (Solanaceae) (Qbank)",28,"Farr, D.F., & Rossman, A.Y. Fungal Databases, U.S. National Fungus Collections, ARS, USDA"
Phytophthora captiosa,"Eucalyptus botryoides, Eucalyptus saligna (Myrtaceae). Closely associated with the foliage of Eucalyptus Dick et al 2006)",1,"Dick, M.A., Dobbie, K., Cooke, D.E.L., and Brasier, C.M. 2006. Phytophthora captiosa sp. nov. and P. fallax sp. nov. causing crown dieback of Eucalyptus in New Zealand. Mycol. Res. 110: 393-404"
Phytophthora caryae,To date isolated only from natural waterways,0,"Brazee, N.J., Yang, X., and Hong, C.X. 2017. Phytophthora caryae sp. nov., a new species recovered from streams and rivers in the eastern United States. Pl. Pathol. 66(5): 805-817"
Phytophthora castaneae,"Castanea crenata, Castanopsis fargesii",1,"Kobayashi, T. 2007. Index of fungi inhabiting woody plants in Japan. Host, Distribution and Literature. Zenkoku-Noson-Kyoiku Kyokai Publishing Co., Ltd., 1227 pages"
Phytophthora castanetorum,"pathogenicity tests, natural hosts unknown",NA,"Jung, T., Jung, M.H., Cacciola, S.O., Cech, T., Bakonyi, J., Seress, D., Mosca, S., Schena, L., Seddaiu, S., Pane, A., di San Lio, G.M., Maia, C., Cravador, A., Franceschini, A., and Scanu, B. 2017. Multiple new cryptic pathogenic Phytophthora species from Fagaceae forests in Austria, Italy and Portugal. IMA Fungus 8(2): 219-244"
Phytophthora chlamydospora,"Chamaecyparis lawsoniana (Cuppressaceae), Juglans regia (Juglandaceae), Notholithocarpus densiflorus (Fagaceae),Prunus dulcis, Prunus sp, (Rosaceae), Rhododendron  (Ericaceae)sp,Taxus sp. (Taxaceae)",6,"Dervis, S., Turkolmez, S., Ciftci, O., and Ulubas Serce, C. 2016. First report of Phytophthora chlamydosporacausing root rot on walnut (Juglans regia) trees in Turkey. Pl. Dis. 100(11): 2336-2337; Turkolmez, S., Dervis, S., Ciftci, O., and Ulubas Serce, C. 2016. First report of Phytophthora chlamydospora causing root and crown rot on almond (Prunus dulcis) trees in Turkey. Pl. Dis. 100(8): 1796Hansen, E.M., Reeser, P., Sutton, W., and Brasier, C.M. 2015. Redesignation of Phytophthora taxon Pgchlamydo as Phytophthora chlamydospora sp. nov. N. Amer. Fungi 10(2): 1-14"
Phytophthora chrysanthemi,Chysanthemum (Asteraceae).,1,"Gotz, M., Ulrich, R., and Werres, S. 2017. First detection of Phytophthora chrysanthemi on Chrysanthemum indicum in Germany. New Disease Reports 35: 6; Lin, S., Martin, D.E., Taylor, N.J., Gabriel, C.K., and Peduto Hand, F. 2017. Occurence of Phytophthora chrysanthemi causing root and stem rot on garden mums in the United States. Pl. Dis. 101(6): 1060-1061"
Phytophthora cichorii,Cichorium intybus (Asteraceae),1,"Bertier, L., Brouwer, H., de Cock, A.W.A.M., Cooke, D.E.L., Olsson, C.H.B., and Hofte, M. 2013. The expansion of Phytophthora clade 8b: three new species associated with winter grown vegetable crops. Persoonia 31: 63-76"
Phytophthora cinnamomi,"266 genera in 90 families, commonly hardwood trees. Cinchona ledgeriana, Persea americana, persea gratissima, Camellia japonica, Pinus echinata, Ananas comosus, citrus, Chamaecyparis lawsoniana, Cineraria, Rhododendron, Cinnamomum.  Ananas comosus (Bromeliaceae); Camellia japonica (Theaceae); Chamaecyparis lawsoniana var. alumii (Cupressaceae); Cinchona ledgeriana (Rubiaceae); Cineraria sp. (Compositae); Cinnamomum burmannii (Lauraceae); Citrus sp. (Rutaceae); Persea americana (Lauraceae); Persea gratissima (Lauraceae); Pinus echinata (Pinaceae); Rhododendron sp. (Ericaceae) (Q bank), Beaucarnea sp. (Agavaceae), Robinia pseudoacacia",90,"Farr, D.F., & Rossman, A.Y. Fungal Databases, U.S. National Fungus Collections, ARS, USDA"
Phytophthora citricola,75 genera in 38 families.,38,"Farr, D.F., & Rossman, A.Y. Fungal Databases, U.S. National Fungus Collections, ARS, USDA"
Phytophthora citrophthora,88 genera in 51 families. Ornamanets (DC database). Citrus sinensis (Rutaceae); Citrus sp. (Rutaceae); Malus pumila var. dulcissima (Rosaceae); Skimmia sp. (Rutaceae); Malus pumila var dulcissima; skimmia; citrus sinensis (Q-bank),51,"Farr, D.F., & Rossman, A.Y. Fungal Databases, U.S. National Fungus Collections, ARS, USDA"
Phytophthora clandestina,"Trifolium subterraneum (subterranean clover, Fabaceae); Medicago spp. are also susceptible",1,"Taylor, P.A., Pascoe, I.G., and Greenhalgh, F.C. 1985. Phytophthora clandestina sp. nov. in roots of subterranean clover. Mycotaxon 22: 77-85"
Phytophthora cocois,"Cocos nucifera (Arecaceae); possibly Theobroma cacao (Malvaceae).
",2,"Weir, B.S., Paderes, E.P., Anand, N., Uchida, J.Y., Pennycook, S.R., Bellgard, S.E., and Beever, R.E. 2015. A taxonomic revision of Phytophthora Clade 5 including new two species, Phytophthora agathidicida and P. cocois. Phytotaxa 205(1): 21-38."
Phytophthora colocasiae,Colocasia esculenta (taro) and other Aracaceae; also six genera in five other families.,6,"Farr, D.F., & Rossman, A.Y. Fungal Databases, U.S. National Fungus Collections, ARS, USDA"
Phytophthora condilina,Casuarina obesa (Casuarinaceae) isolated from soil,1,"Burgess, T.I., Simamora, A.V., White, D., Williams, B., Schwager, M., Stukely, M.J.C., and St. J. Hardy, G.E. 2018. New species from Phytophthora clade 6a: evidence for recent radiation. Persoonia 41: 1-17"
Phytophthora constricta,"Banksia attenuata, Banksia cirsioides (?Proteaceae); Pinus radiata (Pinaceae) ",2,"Rea, A. J., Burgess, T. I., Hardy, G. E., Stukely, M. J. and Jung, T. (2011), Two novel and potentially endemic species of Phytophthora associated with episodic dieback of Kwongan vegetation in the south?west of Western Australia. Plant Pathology, 60: 1055-1068; Stukely, M.J.C. 2012. New Phytophthoras in Western Australia's natural ecosystems. Microbiol. Austral. 33(1): 31-33"
Phytophthora cooljarloo,NA,NA,NA
Phytophthora crassamura,"Rhizopshere soil of declining Juniperus phoenicea (Cupressaceae), Isolated from collar lesion of a declining nursery plant of Picea abies (Pinaceae) In previous studies, P. crassamura was referred to as P. megaspema
Seven accessions of P. megasper",2,"Scanu, B., Linaldeddu, B.T., Deidda, A., and Jung, T. 2015. Diversity of Phytophthora species from declining Mediterranean maquis vegetation, including two new species, Phytophthora crassamura and P. ornamentata sp. nov. PLoS ONE 10(12): e0143234"
Phytophthora cryptogea,at least 141 genera in 49 families ,49,"Farr, D.F., & Rossman, A.Y. Fungal Databases, U.S. National Fungus Collections, ARS, USDA"
Phytophthora dauci,Daucus carota (Umbelliferae) ,1,"Bertier, L., Brouwer, H., de Cock, A.W.A.M., Cooke, D.E.L., Olsson, C.H.B., and Hofte, M. 2013. The expansion of Phytophthora clade 8b: three new species associated with winter grown vegetable crops. Persoonia 31: 63-76"
Phytophthora drechsleri,113 genera in 40 families (phytophthora database). Beta vulgaris var. altissima (Amaranthaceae); Beta vulgaris var. altissima (Chenopodiaceae); Solanum tuberosum (Solanaceae) (Q-bank),40,"Farr, D.F., & Rossman, A.Y. Fungal Databases, U.S. National Fungus Collections, ARS, USDA"
Phytophthora elongata,"Eucalyptus marginata, Corymbia calophylla (Myrtaceae); Banksia grandis, Dryandra squarrosa (Proteaceae); Patersonia xanthina (Iridaceae); Leucopogon propinquus (Ericaceae)",4,"Rea, A.J., Jung, T., Burgess, T.I., Stukely, M.J.C., and St J. Hardy, G.E. 2010. Phytophthora elongata sp. nov., a novel pathogen from the Eucalyptus marginata forest of Western Australia. Australas. Pl. Pathol. 39: 477-491"
Phytophthora erythroseptica,"113 genera in 40 families (Phytophthora database). Atropa belladonna, Brassica oleracea, Carduus arvensis, Caleolaria, Cymbidium, Cynosurus, Hordeum vulgare, Legmus chinensis, Lolium multiflorum, Lycopersicon esculentum, Phleum pratense, Plantago media, Saccharum officinarum, Secale cerale, Senecio cruentus, Solanum tuberosum, Spinacia oleracea, Trifolium, Triticum vulgare, Tulipa, Tussilago farfara, Vicia, Zantedeschia (Erwin & Ribeiro, 1996). ",40,"Farr, D.F., & Rossman, A.Y. Fungal Databases, U.S. National Fungus Collections, ARS, USDA"
Phytophthora estuarina,NA,NA,NA
Phytophthora europaea,Quercus spp (Fagaceae),1,"Balci, Y., and Halmschlager, E. 2003. Incidence of Phytophthora species in oak forests in Austria and their possibe involvement in oak decline. Forest Pathol. 33: 157-174; Balci, Y., Balci, S., Eggers, J., MacDonald, W.L., Juzwik, J., Long, R., and Gottschalk, K. W. 2006. First report of Phytophthora europaea in oak forests in the Eastern and North-Central United States. Pl. Dis. 90: 827"
Phytophthora fallax,"Eucalyptus delegatensis, E. fastigata, E. nitens and E. regnans, Melaleuca sp. (Myrtaceae)",1,"Dick, M.A., Dobbie, K., Cooke, D.E.L., and Brasier, C.M. 2006. Phytophthora captiosa sp. nov. and P. fallax sp. nov. causing crown dieback of Eucalyptus in New Zealand. Mycol. Res. 110: 393-404"
Phytophthora flexuosa,Fagus hayatae (Fagaceae),1,"Jung, T., Jung, M.H., Scanu, B., Seress, D., Kovacs, G.M., Maia, C., Perez-Sierra, A., Chang, T.-T., Chandelier, A., Heungens, K., Van Poucke, K., Abad-Campos, P., Leon, M. , Cacciola, S.O., and Bakonyi, J. 2017. Six new Phytophthora species from ITS clade 7a including two sexually functional heterothallic hybrid species detected in natural ecosystems in Taiwan. Persoonia 38: 100-135"
Phytophthora fluvialis,not known to cause disease,0,"Stukely, M.J.C. 2012. New Phytophthoras in Western Australia's natural ecosystems. Microbiol. Austral. 33(1): 31-33"
Phytophthora foliorum,Rhododendron spp. (Ericaceae).,1,"Donahoo, R., Blomquist, C.L., Thomas, S.L., Moulton, J.K., Cooke, D.E.L., and Lamour, K.H. 2006. Phytophthora foliorum sp. nov., a new species causing leaf blight of azalea. Mycol. Res. 110: 1309-1322; Jung, T., Orlikowski, L. , Henricot, B., Abad-Campos, P., Aday, A.G., Aguin Casal, O., Bakonyi, J., Cacciola, S.O., Cech, T., Chavarriaga, D., Corcobado, T., Cravador, A., Decourcelle, T., Denton, G., Diamandis, S., Dogmus-Lehtijarvi, H.T., Franceschini, A., Ginetti, B., Green, S., Glavendekic, M., Hantula, J., Hartmann, G., Herrero, M. , Ivic, D., Horta Jung, M., Lilja, A., Keca, N., Kramarets, V., Lyubenova, A., Machado, H., Magnano di San Lio, G., Mansilla Vazquez, P.J., and Marcais, B. 2016. Widespread Phytophthora infestations in European nurseries put forest, semi-natural and horticultural ecosystems at high risk of Phytophthora diseases. Forest Pathol. 46(2): 134-163; Schlenzig, A., Purser, E., and Perez-Sierra, A. 2016. First finding of Phytophthora foliorum in the United Kingdom. New Disease Reports 34: 2; Yakabe, L.E., Blomquist, C.L., Thomas, S.L., and MacDonald, J.D. 2009. Identification and frequency of Phytophthora species associated with foliar diseases in California ornamental nurseries. Pl. Dis. 93: 883-890"
Phytophthora formosa,Araucaria cunninghamii (Araucariaceae)  in the sub-tropical Castanopsis–Machilus forest in Lenhuachih and with Quercus glandulifera (Fagaceae)  in the arboretum in Fushan ,2,"Jung, T., Jung, M.H., Scanu, B., Seress, D., Kovacs, G.M., Maia, C., Perez-Sierra, A., Chang, T.-T., Chandelier, A., Heungens, K., Van Poucke, K., Abad-Campos, P., Leon, M. , Cacciola, S.O., and Bakonyi, J. 2017. Six new Phytophthora species from ITS clade 7a including two sexually functional heterothallic hybrid species detected in natural ecosystems in Taiwan. Persoonia 38: 100-135"
Phytophthora fragariae,"Fragaria x ananassa and Rubus ursinus var. longanobaccus (Rosaceae) are the only known hosts under natural conditions. Infection of other Rosaceae, Chenopodiaceae, and Solanaceae can occur via artificial inoculation",1,"Farr, D.F., & Rossman, A.Y. Fungal Databases, U.S. National Fungus Collections, ARS, USDA"
Phytophthora fragariaefolia,recovered from diseased strawberry crowns in Japan. In pathogenicity tests it can also cause a low level of disease on rose (Rosaceae),1,"Rahman, M.Z., Uematsu, S., Takeuchi, T., Shirai, K., Ishiguro, Y., Suga, H., and Kageyama, K. 2014. Two new species, Phytophthora nagaii sp. nov. and P. fragariaefolia sp. nov., causing serious diseases on rose and strawberry plants, respectively, in Japan. J. Gen. Pl. Pathol. 80: 348-365"
Phytophthora frigida,"Acacia decurrens, A. mearnsii (Fabaceae), Eucalyptus smithii (Myrtaceae)",3,"Maseko, B., Burgess, T. I. , Coutinho, T.A., and Wingfeld, M.J. 2007. Two new Phytophthora species from South African Eucalyptus plantations. Mycol. Res. 111: 1321-1338; Scarlett, K., Daniel, R., Shuttleworth, L.A., Roy, B., Bishop, T.F.A., and Guest, D.I. 2015. Phytophthora in the Gondwana rainforests of Australia world heritage area. Australas. Pl. Pathol. 44: 335-348"
Phytophthora gallica,"Alnus rhombifolia (Betulaceae), Quercus robur (?Fagaceae)",2,"Sims, L.L., Sutton, W., Reeser, P., and Hansen, E.M. 2015. The Phytophthora species assemblage and diversity in riparian alder ecosystems of western Oregon, USA. Mycologia 107(5): 889-902; Jung, T., and Nechwatal, J. 2008. Phytophthora gallica sp. nov., a new species from rhizosphere soil of declining oak and reed stands in France and Germany. Mycol. Res. 112: 1195-1205"
Phytophthora gemini,Zostera marina (Zosteraceae),1,"Man in 't Veld, W.A., Rosendahl, K.C.H.M., Brouwer, H., and de Cock, A.W.A.M. 2011. Phytophthora gemini sp. nov., a new species isolated from the halophilic plant Zoestera marina in the Netherlands. Fung. Biol. 115: 724-732"
Phytophthora gibbosa,"Acacia pycnantha (Fabaceae), Xanthorrhoea gracilis (Xanthorrhoeaceae), Grevillea sp. (Proteaceae)",3,"Jung, T., Stukely, M.J.C., Hardy, G.E.St.J., White, D., and Paap, T. 2011. Multiple new Phytophthora species from ITS Clade 6 associated with natural ecosystems in Australia: evolutionary and ecological implications. Persoonia 26: 13-39"
Phytophthora glovera,Nicotiana tabacum (Solanaceae),1,"Abad, Z.G., Ivors, K.L., Gallup, C.A., Abad, J.A., and Shew, H.D. 2011. Morphological and molecular characterization of Phytophthora glovera sp. nov. from tobacco in Brazil. Mycologia 103: 341-350"
Phytophthora gonapodyides,"Thirteen genera in 11 families, including Malus spp. (Rosaceae); possibly also on Pinaceae seedlings including Pseudotsuga menziesii (Douglas-fir), Abies spp., and Tsuga mertensiana (mountain hemlock).",11,"Farr, D.F., & Rossman, A.Y. Fungal Databases, U.S. National Fungus Collections, ARS, USDA"
Phytophthora gondwanensis,NA,NA,NA
Phytophthora gregata,"Pathogenic on Patersonia sp. (Iridaceae), Xanthorrhoea preissii (Xanthorrhoeaceaen), Hakea sp. (Proteaceae ) and Pinus radiata (Pinaceae).",4,"Jung, T., Stukely, M.J.C., Hardy, G.E.St.J., White, D., and Paap, T. 2011. Multiple new Phytophthora species from ITS Clade 6 associated with natural ecosystems in Australia: evolutionary and ecological implications. Persoonia 26: 13-39"
Phytophthora hedraiandra,"Viburnum sp. (Adoxaceae), Rhododendron sp. (Ericaceae).",2,"Hejna, M., Cerny, K., Havrdova, L., and Mrazkova, M. 2014. First report of Phytophthora hedraiandra causing rhododendron dieback and root rot of common beech in the Czech Republic. Pl. Dis. 98(10): 1434"
Phytophthora heveae,12 genera in 11 families including Hevea (rubber Euphorbiaceae) Rhododendron (Ericaceae) and Cocos nucifera (coconut Arecaceae) (Phytophthora database).,11,"Farr, D.F., & Rossman, A.Y. Fungal Databases, U.S. National Fungus Collections, ARS, USDA"
Phytophthora hibernalis,"Primarily Citrus spp. (Rutaceae); on 11 genera in 9 families (Phytophthora database). Kalmia in Scotland, Chamaecyparis in England (DC database)",9,"Farr, D.F., & Rossman, A.Y. Fungal Databases, U.S. National Fungus Collections, ARS, USDA"
Phytophthora himalsilva,"Quercus, Castanopsis, Carpinus and Cupressus spp. In pathogenicity trials it was capable of causing lesions on twigs of Juglans regia. ",2,"Vettraino, A.M., Brasier, C.M., Brown, A.V., and Vannini, A. 2011. Phytophthora himalsilva sp. nov. an unusually phenotypically variable species from a remote forest in Nepal. Fung. Biol. 115: 275-287"
Phytophthora humicola,Pinus pinea (Pinaceae); Phaseolus vulgaris (Fabaceae); isolated from a Citrus sp. orchard (Rutaceae) ,3,"Ragazzi, A., Ginetti, B., Uccello, A., Bracalini, M., Jung, T., and Moricca, S. 2012. Root Rot and Dieback of Pinus pinea Caused by Phytophthora humicola in Tuscany, Central Italy. Pl. Dis. 96: 1694; Yang, X., Tyler, B.M., and Hong, C. 2017. An expanded phylogeny for the genus Phytophthora. IMA Fungus 8(2): 355-384"
Phytophthora hydrogena,Thus far it has not been associated with diseased plant material.,0,"Brazee, N.J., Wick, R.L., and Hulvey, J.P. 2016. Phytophthora species recovered from the Connecticut River Valley in Massachusetts, USA. Mycologia 108(1): 6-19"
Phytophthora hydropathica,"leaf and stem necrosis on Rhododendron catawbiense and collar rot of Kalmia latifolia (Ericaeae); Viburnum tinus (Adoxaceae); It also causes seedling damping-off of cucumber (Cucumis sativus cv. Orient Express: Curcubitaceae);tomato ( Solanum lycopersicum cv. Homestead) and pepper (Capsicum annuum) plants (Solanceae). In addition, it can enter through wounds and cause fruit rot of peppers and tomatoes.",4,"Hong, C.X., Gallegly, M.E., Richardson, P.A., Kong, P., Moorman, G.W., Lea-Cox, J.D., and Ross, D.S. 2010. Phytophthora hydropathica, a new pathogen identified from irrigation water, Rhododendron catawbiense and Kalmia latifolia. Pl. Pathol. 59: 913-921; Vitale, S., Luongo, L., Galli, M., and Belisario, A. 2014. First Report of Phytophthora hydropathica causing wilting and shoot dieback on Viburnum in Italy. Pl. Dis. 98: 1582"
Phytophthora idaei,"Rubus idaeus (red raspberry, Rosaceae). Raspberry",1,"Jones, D.R., and Baker, R.H.A. 2007. Introductions of non-native plant pathogens into Great Britain, 1970-2004. Pl. Pathol. 56: 891-910"
Phytophthora ilicis,Ilex spp. (Aquifoliaceae).,1,"Scanu, B., Linaldeddu, B.T., Perez-Sierra, A., Deidda, A., and Franceschini, A. 2014. Phytophthora ilicis as a leaf and stem pathogen of Ilex aquifolium in Mediterranean islands. Phytopathol. Medit. 53(3): 480-490"
Phytophthora infestans,"Principal hosts are Solanaceae. Late blight of potato and tomato. Overwinters in tubers. Several races occur. Also causes leaf blights and, rarely, damping off, flower, and fruit blight in a wide range of hosts (Phytophthtora database). Severe pathogen of potato (Solanum tuberosum) and tomato (Lycopersicon esculentum) and can lead to 100% crop loss under conditions favorable for disease development and in the absence of fungicide",1,"Farr, D.F., & Rossman, A.Y. Fungal Databases, U.S. National Fungus Collections, ARS, USDA"
Phytophthora insolita,Rhododendron sp. (Ericaceae). Citrus reticulata (Rutaceae); Parkinsonia aculeata (Fabaceae),3,"Das, A.K., Kumar, A., Nerkar, S., and Bawage, S. 2012. First report of Phytophthora insolita in India. Australasian Plant Disease Notes 7: 131-132; Testa, A., Schilb, M., Lehman, J.S., Cristinzio, G., and Bonello, P. 2005. First report of Phytophthora insolita and P. inflata on Rhododendron in Ohio. Pl. Dis. 89: 1128;"
Phytophthora intercalaris,NA,NA,NA
Phytophthora intricata,Quercus tarokoensis (Fagaceae),1,"Jung, T., Jung, M.H., Scanu, B., Seress, D., Kovacs, G.M., Maia, C., Perez-Sierra, A., Chang, T.-T., Chandelier, A., Heungens, K., Van Poucke, K., Abad-Campos, P., Leon, M. , Cacciola, S.O., and Bakonyi, J. 2017. Six new Phytophthora species from ITS clade 7a including two sexually functional heterothallic hybrid species detected in natural ecosystems in Taiwan. Persoonia 38: 100-135"
Phytophthora inundata,"Plants in multiple families, including Aesculus hippocastanum (chestnut, Sapindaceae), Salix (willow, Salicaceae), Olea (olive, Oleaceae) and Vitis (grapevine, Vitaceae).",4,"Farr, D.F., & Rossman, A.Y. Fungal Databases, U.S. National Fungus Collections, ARS, USDA"
Phytophthora ipomoeae,Ipomoea longipedunculata,1,"Flier, W.G., Grunwald, N.J., Kroon, L.P.N.M., Van den Bosch, B. M. , Garay-Serrano, E., Lozoya-Saldana, H., Bonants, P.J.M., and Turkensteen, L.J. 2002. Phytophthora ipomoeae sp. nov., a new homothallic species causing leaf blight on Ipomoea longipedunculata in the Toluca Valley of central Mexico. Mycol. Res. 106: 848-856."
Phytophthora iranica,"Solanum melongena (eggplant); Solanum tuberosum (potato), Lycopersicon esculentum (tomato), all Solanaceae, and Beta vulgaris (sugar beet, Chenopodiaceae) are infected when inoculated. Reports on Myrtus (Myrtaceae) are Phytophthora italica.",2,"Erwin, D.C., and Ribeiro, O.K. 1996. Phytophthora Diseases Worldwide. APS Press, St. Paul, Minnesota, 562 pages"
Phytophthora irrigata,"pathogenic to azaleas and some vegetables such as tomato, pepper, and eggplant.",2,"Brazee, N.J., Wick, R.L., and Hulvey, J.P. 2016. Phytophthora species recovered from the Connecticut River Valley in Massachusetts, USA. Mycologia 108(1): 6-19; Hong, C., Gallegly, M.E., Richardson, P.A., Kong, P., and Moorman, G.W. 2008. Phytophthora irrigata, a new species isolated from irrigation reservoirs and rivers in Eastern United States of America. F.E.M.S. Microbiol. Lett. 285: 203-211"
Phytophthora kernoviae,"Fagus sylvatica (beech), Quercus robur (oak), (Fagaceae); also Liriodendron tulipifera (Magnoliaceae), Rhododendron ponticum (Ericaceae), Pinus radiata (Pinaceae); Magnolia spp. (Magnoliaceae)",5,"Beales, P.A., Giltrap, P.M., Payne, A., and Ingram, N. 2009. A new threat to UK heathland from Phytophthora kernoviae on Vaccinium myrtillus in the wild. Pl. Pathol. 58: 393; "
Phytophthora kwongonina,NA,NA,NA
Phytophthora lactucae,Lactuca sativa (Compositae) (Q-bank),1,"Bertier, L., Brouwer, H., de Cock, A.W.A.M., Cooke, D.E.L., Olsson, C.H.B., and Hofte, M. 2013. The expansion of Phytophthora clade 8b: three new species associated with winter grown vegetable crops. Persoonia 31: 63-76"
Phytophthora lacustris,"Alnus spp. (Betulaceae), Salix sp. (Salicaceae), Prunus sp. (Rosaceae); associated with Phragmites australis (Poaceae)",4,"Szabo, I., Lakatos, F., and Sipos, G. 2013. Occurence of soilborne Phytophthora species in declining broadleaf forest in Hungary. Eur. J. Pl. Pathol. 137: 159-168; Tkaczyk, M., Nowakowska, J.A., and Oszako, T. 2016. Phytophthora species isolated from ash stands in Bialowieza Forest nature reserve. Forest Pathol. 46(6): 660-662; Nechwatal, J., Bakonyi, J., Cacciola, S.O., Cooke, D.E.L., Jung, T., Nagy, Z.A., Vannini, A., Vettraino, A.M., and Braiser, C.M. 2013. The morphology, behaviour and molecular phylogeny of Phytophthora taxon Salixsoil and its redesignation as Phytophthora lacustris sp. nov. Pl. Pathol. 62(2): 355-369"
Phytophthora lateralis,"Chamaecyparis lawsoniana (Lawson cypress aka Port Orford cedar, Cupressaceae), Chamaecyparis obtusa, Chamaecyparis pisifera, Thuja occidentalis, Thuja plicata, rarely Taxus brevifolia (Pacific yew, Taxaceae). DNA finding on Juniperus sabina in UK. Published reports on hosts other than Cupressaceae and Taxaceae thought to be mis-identifcations (See Green & Webber; Pest Risk Analysis for Phytophthora lateralis).",2,"Farr, D.F., & Rossman, A.Y. Fungal Databases, U.S. National Fungus Collections, ARS, USDA"
Phytophthora lilii,NA,NA,NA
Phytophthora litchii,NA,NA,NA
Phytophthora litoralis,"Banksia sp. (Proteaceae), Xanthorrhoea preissii (Asphodelaceae), Rubus anglocandicans (Rosaceae)",3,"Aghighi, S., Burgess, T.I., Scott, J.K., Calver, M., and St. J. Hardy, G.E. 2016. Isolation and pathogenicity of Phytophthora species from declining Rubus anglocandicans. Pl. Pathol. 65: 451-461: Jung, T., Stukely, M.J.C., Hardy, G.E.St.J., White, D., and Paap, T. 2011. Multiple new Phytophthora species from ITS Clade 6 associated with natural ecosystems in Australia: evolutionary and ecological implications. Persoonia 26: 13-39"
Phytophthora macilentosa,NA,NA,NA
Phytophthora macrochlamydospora,"Glycine max (soybean, Fabaceae",1,"Irwin, J.A.G. 1991. Phytophthora macrochlamydospora, a new species from Australia. Mycologia 83: 517-519"
Phytophthora meadii,"Various plant families including Hevea spp. (rubber, Euphorbiaceae): Acacia mearnisii (Fabaceae); Petunia sp. (Solanaceae)",3,"Jayasuriya et al. (1999) A comparative study of Phytophthora meadii isolates from rubber (Hevea brasiliensis) plantations in Sri Lanka: Roux, J., and Wingfield, M.J. 1997. Survey and virulence of fungi occurring on diseased Acacia mearnsii in South Africa. Forest Ecol. Managem. 99: 327-336; Prigigallo, M.I., Mosca, S., Cacciola, S.O., Cooke, D.E.L., and Schena, L. 2015. Molecular analysis of Phytophthora diversity in nursery-grown ornamental and fruit plants. Pl. Pathol. 64: 1308-1319"
Phytophthora medicaginis,"Medicago sativa (alfalfa), Onobrychis viciifolia (sainfoin), Cicer arietinum (chickpea) (Fabaceae). Also reported on Prunus mahaleb (cherry, Rosaceae).",2,"Erwin, D.C., and Ribeiro, O.K. 1996. Phytophthora Diseases Worldwide. APS Press, St. Paul, Minnesota, 562 pages"
Phytophthora megakarya,"Theobroma cacao (cacao, Sterculiaceae). Also reported from Irvingia sp. (Irvingiaceae).",2,"Erwin, D.C., and Ribeiro, O.K. 1996. Phytophthora Diseases Worldwide. APS Press, St. Paul, Minnesota, 562 pages; Holmes, K., Evans, H.C., Wayne, S. , and Smith J.J. 2003. Irvingia, a forest host of the cocoa black-pod pathogen, Phytophthora megakarya, in Cameroon. Pl. Pathol. 52: 486-490"
Phytophthora megasperma,Multiple hosts in 22 families (Plantwise),22,"CABI, 2018. Plantwise Technical Factsheets No. 40974"
Phytophthora melonis,"Cucumis sativus (cucumber, Cucurbitaceae). Also reported from Citrullus lanatus (Cucurbitaceae) and Pistacia vera (Anacardiaceae).",2,"Farr, D.F., & Rossman, A.Y. Fungal Databases, U.S. National Fungus Collections, ARS, USDA"
Phytophthora mengei,Persea americana (Lauraceae).,1,"Hong, C.X., Gallegly, M.E., Browne, G.T., Bhat, R.G., Richardson, P.A., and Kong, P. 2009. The avocado subgroup of Phytophthora citricola constitutes a distinct species, Phytophthora mengei sp. nov. Mycologia 101: 833-840"
Phytophthora mexicana,Solanum lycopersicum (Solanaceae),1,"Erwin, D.C., and Ribeiro, O.K. 1996. Phytophthora Diseases Worldwide. APS Press, St. Paul, Minnesota, 562 pages"
Phytophthora mirabilis,Mirabilis jalapa (Nyctaginaceae).,1,"Galindo-A, J., and Hohl, H.R. 1985. Phytophthora mirabilis, a new species of Phytophthora. Sydowia 38: 87-96"
Phytophthora mississippiae,Irrigation water,0,"Yang, X., Copes, W.E., and Hong, C. 2013. Phytophthora mississippiae sp. nov., a new species recovered from irrigation reservoirs at a plant nursery in Mississippi. J. Pl. Pathol. Microbiol. 4(6): 1-7"
Phytophthora morindae,Morinda citrifolia var. citrifolia (Rubiaceae).,1,"Nelson, S. C., and Abad, Z. G. 2010. Phytophthora morindae, a new species causing black flag disease on noni (Morinda citrifolia L) in Hawaii. Mycologia 102: 122-134"
Phytophthora moyootj,NA,NA,
Phytophthora multivesiculata,Cymbidium sp. (Orchidaceae).,1,"Cunnington, J.H., de Alwis, S.K., and Priest, M. 2009. Some notes on Phytophthora syringae and P. multivesiculata in Australia. Australasian Plant Disease Notes 4: 42-43"
Phytophthora multivora,"Associated with several taxa. Pathogenic toward Eucalyptus gomphocephala, E. marginata, Agonis flexuosa (Myrtaceae). Implicated in decline of Eucalyptus gomphocephala. Numerous other hosts including Banksia attenuata, B. grandis, B. littoralis, B. menziesii, B. prionotes, Conospermum sp. (Proteaceae), Bossiaea sp., Gastrolobium spinosum (Fabaceae), Leucopogon verticillatus (Ericaceae), Xanthorrhoea gracilis (Xanthorrhoeaceae), Podocarpus drouyniana (Podocarpaceae), and Quercus robur (Fagaceae).",7,"Aldaoud, R., Salib, S., Dinh, S.Q., de Alwis, S., Holmes, R.J., and Edwards, J. 2016. Host records for Phytophthora multivora associated with dieback in Victoria, Australia. Australasian Plant Disease Notes 11: 4"
Phytophthora nagaii,Rose stems in Japan (Rosaceae). In pathogenicity tests it can also cause a low level of disease on strawberry,1,"Rahman, M.Z., Uematsu, S., Takeuchi, T., Shirai, K., Ishiguro, Y., Suga, H., and Kageyama, K. 2014. Two new species, Phytophthora nagaii sp. nov. and P. fragariaefolia sp. nov., causing serious diseases on rose and strawberry plants, respectively, in Japan. J. Gen. Pl. Pathol. 80: 348-365"
Phytophthora nemorosa,"necrotic lesions of Umbellularia californica (Lauraceae), Arctostaphylos spp. (Ericaceae), and Sequoia sempervirens (Cupressaceae). It has also been recovered from bark cankers of Lithocarpus densiflorus and Quercus agrifolia (Fagaceae).",4,"Hansen, E.M., Reeser, P.W. , Davidson, J. M. , Garbelotto, M., Ivors, K. , Douhan, L. , and Rizzo, D.M. 2003. Phytophthora nemorosa, a new species causing cankers and leaf blight of forest trees in California and Oregon, U.S.A. Mycotaxon 88: 129-138; Wickland, A.C., Jensen, C.E., and Rizzo, D.M. 2008. Geographic distribution, disease symptoms and pathogenicity of Phytophthora nemorosa and Phytophthora pseudosyringae in California, USA. Forest Pathol. 38: 288-298"
Phytophthora nicotianae,Wide host range: 255 genera in 90 families,90,"Farr, D.F., & Rossman, A.Y. Fungal Databases, U.S. National Fungus Collections, ARS, USDA"
Phytophthora niederhauserii,Multiple hosts: 33 hosts from 25 families,25,"Farr, D.F., & Rossman, A.Y. Fungal Databases, U.S. National Fungus Collections, ARS, USDA"
Phytophthora obscura,"nursery plants and soil underneath diseased Aesculus hippocastanum .  leaf tissue of Kalmia latifolia (Ericaeae), substrate underneath Pieris and from soil samples underneath Aesculus hippocastanum exhibiting disease symptoms (Sapindaceae).Pathogenicity tests have confirmed K. latifolia, A. hippocastanum, Rhododendron catawbiense and Pieris japonica (Ericaceae) as hosts",2,"Grunwald, N.J., Werres, S., Goss, E.M., Taylor, C.R., and Fieland, V.J. 2012. Phytophthora obscura sp. nov., a new species of the novel Phytophthora subclade 8d. Pl. Pathol. 61(3): 610-622"
Phytophthora occultans,Buxus sp. (Buxaceae),1,"Man in't Veld, W.A., Rosendahl, K.C.H.M., van Rijswick, P.C.J., Meffert, J.P., Westenberg, M., van de Vossenberg, B.T.L.H., Denton, G., and van Kuik, F.A.J. 2015. Phytophthora terminalis sp. nov. and Phytophthora occultans sp. nov., two invasive pathogens of ornamental plants in Europe. Mycologia 107(1): 54-65"
Phytophthora ornamentata,Pistacia lentiscus (Anacardiaceae),1,"Scanu, B., Linaldeddu, B.T., Deidda, A., and Jung, T. 2015. Diversity of Phytophthora species from declining Mediterranean maquis vegetation, including two new species, Phytophthora crassamura and P. ornamentata sp. nov. PLoS ONE 10(12): e0143234"
Phytophthora pachypleura,"Mainly on Aucuba japonica. Also detected on Buxus sempervirens, Meconopsis
grandis, Robinia pseudoacacia ‘Frisia’, Rubus idaeus,
Salvia officinalis, Tagetes erecta, Taxus baccata and Vaccinium
myrtillus, and taxa that (on the basis of the data
provided by the RHS Advisory Service) could only be
identified to the level of the following genera: Begonia,
Bougainvillea, Ceanothus, Chaenomeles, Cornus, Crocus,
Eryngium, Ilex, Lathyrus, Osmanthus, Prunus, Pyrus,
Rhododendron, Rosa and Viburnum.",18,RHS Advisory Service
Phytophthora palmivora,"Over 138 species in 22 plant families (Plantwise ); a pathogen of many plant species including cacao (Theobroma cacao), durian (Durio zibethines) (Malvaceae), citrus (Citrus sp.: Rutaceae), jackfruit (Artrocarpus heterophyllus: Moraceae), rubber (Hevea brasiliensis:  ?Euphorbiaceae), and several palm species including coconut (Cocos nucifera), and the African oil palm (Elaeis guineensis ) (Arecaceae) : Actinidia deliciosa (kiwifruit)
Anacardium occidentale (cashew nut)
Ananas comosus (pineapple)
Annona
Annona cherimola (cherimoya)
Areca
Areca catechu (betelnut palm)
Artocarpus altilis (breadfruit)
Bactris gasipaes (peach palm)
Borassus flabellifer (toddy palm)
Carica papaya (pawpaw)
Citrus
Citrus reticulata (mandarin)
Citrus unshiu (satsuma)
Citrus volkameriana
Citrus x paradisi (grapefruit)
Cocos nucifera (coconut)
Dodonaea viscosa (switch sorrel)
Durio
Durio zibethinus (durian)
Elaeis guineensis (African oil palm)
Eustoma grandiflorum (Lisianthus (cut flower crop))
Ficus carica (common fig)
Gossypium hirsutum (Bourbon cotton)
Hevea brasiliensis (rubber)
Lavandula angustifolia (lavender)
Manihot esculenta (cassava)
Manilkara zapota (sapodilla)
Myristica fragrans (nutmeg)
Olea europaea subsp. europaea (European olive)
Oxypetalum coeruleum
Pachira aquatica (pachira nut)
Piper nigrum (black pepper)
Pistacia lentiscus (mastic)
Punica granatum (pomegranate)
Rosmarinus officinalis (rosemary)
Salix babylonica (weeping willow)
Sorghum halepense (Johnson grass)
Theobroma cacao (cocoa)
Trachycarpus fortunei (chinese windmill palm)",22,"CABI, 2018. Plantwise Technical Factsheet no. 40986; G. A. Torres, G. A. Sarria, G. Martinez, F. Varon, A. Drenth, and D. I. Guest, Bud Rot Caused by Phytophthora palmivora: A Destructive Emerging Disease of Oil Palm, Phytopathology 106: 320-329"
Phytophthora parsiana,"Ficus carica (Moraceae), Pistacia vera (Anacardiaceae ) crowns, branches and surrounding soil (Iran and USA), and Prunus dulcis (Rosaceae) (phytophthora database). Alnus spp. (Betulaceae).",4,"Sims, L.L., Sutton, W., Reeser, P., and Hansen, E.M. 2015. The Phytophthora species assemblage and diversity in riparian alder ecosystems of western Oregon, USA. Mycologia 107(5): 889-902; Mostowfizadeh-Ghalamfarsa, R., Cooke, D.E.L., and Banihashemi, Z. 2008. Phytophthora parsiana sp. nov., a new high-temperature tolerant species. Mycol. Res. 112: 783-794; Fichtner, E.J., Kallsen, C.E., and Blomquist, C.L. 2016. First report of crown rot caused by Phytophthora parsiana on pistachio in the Southern San Joaquin Valley, California. Pl. Dis. 100(8): 1795; "
Phytophthora parvispora,"Arbutus unedo (Ericaceae), Mandevilla sp. (Apocynaceae), Pinus pinea (Pinaceae), Beaucarnea sp. (Asparagaceae), Agathosma betulina (Rutaceae)",5,"Scanu, B., Hunter, G.C., Linaldeddu, B.T., Franceschini, A., Maddau, L., Jung, T., and Denman, S. 2014. A taxonomic re-evaluation reveals that Phytophthora cinnamomi and P. cinnamomi var. parvispora are separate species. Forest Pathol. 44: 1-20; "
Phytophthora phaseoli,"Phaseolus lunatus (also reported as P. limensis) (lima beans, Fabaceae). Capable of infecting plants from other families after inoculation (Erwin & Ribeiro 1996). Also reported from Phaseolus vulgaris (common bean).",1,"Erwin, D.C., and Ribeiro, O.K. 1996. Phytophthora Diseases Worldwide. APS Press, St. Paul, Minnesota, 562 pages"
Phytophthora pini,Abies sp.(Pinaceae); Fagus sp. (Fagaceae); Rhododendron sp. (Ericaceae),3,"Knaus, B.J., Fieland, V.J., Graham, K.A., and Grunwald, N.J. 2015. Diversity of foliar Phytophthora species on Rhododendron in Oregon nurseries. Pl. Dis. 99(10): 1326-1332"
Phytophthora pinifolia,Pinus radiata ,1,"Duran, A., Gryzenhout, M. , Slippers, B. , Ahumada, R., Rotella, A., Flores, F., Wingfield, B.D., and Wingfield, M.J. 2008. Phytophthora pinifolia sp. nov. associated with a serious needle disease of Pinus radiata in Chile. Pl. Pathol. 57: 715–727"
Phytophthora pisi,NA,NA,NA
Phytophthora pistaciae,"Pistacia vera (pistachio, Anacardiaceae).",1,"Mirabolfathy, M., Cooke, D.E.L., Duncan, J.M., Williams, N.A., Ershad, D., and Alizadeh, A. 2001. Phytophthora pistaciae sp. nov. and P. melonis: the principal causes of pistachio gummosis in Iran. Mycol. Res. 105: 1166-1175"
Phytophthora plurivora,"Abies alba, Tsuga canadensis (Pinaceae); Carpinus betulus, Alnus glutinosa, Alnus incana (Betulaceae); Acer platanoides, Acer pseudoplatanus, Acer saccharum, Aesculus hippocastanum (Sapindaceae); Fraxinus excelsior, Syringa vulgaris (Oleaceae); Quercus robur, Quercus petraea, Quercus rubra, Fagus sylvatica (Fagaceae); Rhododendron spp. (Ericaceae), Tilia spp. (Malvaceae); Corynocarpus laevigatus (Corynocarpaceae)",8,"Jung, T., Orlikowski, L. , Henricot, B., Abad-Campos, P., Aday, A.G., Aguin Casal, O., Bakonyi, J., Cacciola, S.O., Cech, T., Chavarriaga, D., Corcobado, T., Cravador, A., Decourcelle, T., Denton, G., Diamandis, S., Dogmus-Lehtijarvi, H.T., Franceschini, A., Ginetti, B., Green, S., Glavendekic, M., Hantula, J., Hartmann, G., Herrero, M. , Ivic, D., Horta Jung, M., Lilja, A., Keca, N., Kramarets, V., Lyubenova, A., Machado, H., Magnano di San Lio, G., Mansilla Vazquez, P.J., and Marcais, B. 2016. Widespread Phytophthora infestations in European nurseries put forest, semi-natural and horticultural ecosystems at high risk of Phytophthora diseases. Forest Pathol. 46(2): 134-163; Jung T, Blaschke H, Osswald W (2000) Involvement of soilborne Phytophthora species in Central European oak decline and the effect of site factors on the disease. Plant Pathology 49: 706–718"
Phytophthora pluvialis,"Pinus radiata, Pseudotsuga menziesii (Pinaceae)",1,"Dick, M.A., Williams, N.M., Bader, M.K.-F., Gardner, J.F., and Bulman, L.S. 2014. Pathogenicity of Phytophthora pluvialis to Pinus radiata and its relation with red needle cast disease in New Zealand. New Zealand J. Forest. Sci. 44(6): 1-12"
Phytophthora polonica,Alnus glutinosa (Betulaceae),1,"Belbahri, L., Moralejo, E., Calmin, G., Oszako, T., Garcia, J.A., Descals, E., and Lefort, F. 2006. Phytophthora polonica, a new species isolated from declining Alnus glutinosa stands in Poland. F.E.M.S. Microbiol. Lett. 261: 165-174"
Phytophthora porri,Principal host: Allium spp. (Liliaceae); also 5 other genera in 5 families. Not on Brassicaceae; this is a distinct species Phytophthora brassicae (Phytophthora datbase). Leeks (DC database).,6,"Farr, D.F., & Rossman, A.Y. Fungal Databases, U.S. National Fungus Collections, ARS, USDA"
Phytophthora primulae,Primula spp. (Primulaceae),1,"Farr, D.F., & Rossman, A.Y. Fungal Databases, U.S. National Fungus Collections, ARS, USDA"
Phytophthora pseudocryptogea,NA,NA,NA
Phytophthora pseudolactucae,NA,NA,NA
Phytophthora pseudopolonica,NA,NA,NA
Phytophthora pseudorosacearum,NA,NA,NA
Phytophthora pseudosyringae,"Quercus spp., Fagus sylvatica, Castanea sativa (Fagaceae); Alnus glutinosa (Betulaceae) Larix (Pinaceae: Anna Harris, pers.comm.); Pieris, Vaccinium myrtillus (Ericaceae), Magnolia (Magnoliaceae). Nothofagus in Britain (Nothofagaceae), Umbellularia californica in the USA (Lauraceae)",7,"Farr, D.F., & Rossman, A.Y. Fungal Databases, U.S. National Fungus Collections, ARS, USDA"
Phytophthora pseudotsugae,"Pseudotsuga menziesii (Douglas-fir, Pinaceae).",1,"Hamm, P.B., and Hansen, E.M. 1983. Phytophthora pseudotsugae, a new species causing root rot of Douglas-fir. Canad. J. Bot. 61: 2626-2631"
Phytophthora psychrophila,Infects Ilex aquifolium (Aquifoliaceae) and Quercus spp. (Fagaceae) in inoculation tests.,2,"Jung, T., Jung, M.H., Cacciola, S.O., Cech, T., Bakonyi, J., Seress, D., Mosca, S., Schena, L., Seddaiu, S., Pane, A., di San Lio, G.M., Maia, C., Cravador, A., Franceschini, A., and Scanu, B. 2017. Multiple new cryptic pathogenic Phytophthora species from Fagaceae forests in Austria, Italy and Portugal. IMA Fungus 8(2): 219-244"
Phytophthora quercetorum,Quercus spp. (Fagaceae).,1,"Jung, T., Orlikowski, L. , Henricot, B., Abad-Campos, P., Aday, A.G., Aguin Casal, O., Bakonyi, J., Cacciola, S.O., Cech, T., Chavarriaga, D., Corcobado, T., Cravador, A., Decourcelle, T., Denton, G., Diamandis, S., Dogmus-Lehtijarvi, H.T., Franceschini, A., Ginetti, B., Green, S., Glavendekic, M., Hantula, J., Hartmann, G., Herrero, M. , Ivic, D., Horta Jung, M., Lilja, A., Keca, N., Kramarets, V., Lyubenova, A., Machado, H., Magnano di San Lio, G., Mansilla Vazquez, P.J., and Marcais, B. 2016. Widespread Phytophthora infestations in European nurseries put forest, semi-natural and horticultural ecosystems at high risk of Phytophthora diseases. Forest Pathol. 46(2): 134-163"
Phytophthora quercina,Quercus spp. (Fagaceae),1,"Balci, Y., and Halmschlager, E. 2002. First report of Phytophthora quercina from oak forests in Austria. New Disease Reports 6: 2"
Phytophthora quininea,Cinchona spp. (Rubiaceae).,1,"Erwin, D.C., and Ribeiro, O.K. 1996. Phytophthora Diseases Worldwide. APS Press, St. Paul, Minnesota, 562 pages"
Phytophthora ramorum,"At least 26 genera in 17 families, including Rhododendron spp. (Ericaceae) and Quercus spp. (Fagaceae).",17,"Farr, D.F., & Rossman, A.Y. Fungal Databases, U.S. National Fungus Collections, ARS, USDA"
Phytophthora rhizophorae,NA,NA,NA
Phytophthora richardiae,"Zantedeschia spp. (Araceae). Also Robinia (Fabaceae), Asparagus (Asparagaceae), Daucus carota (carrot, Apiaceae), and Lycopersicon esculentum (tomato, Solanaceae) ",5,"Erwin, D.C., and Ribeiro, O.K. 1996. Phytophthora Diseases Worldwide. APS Press, St. Paul, Minnesota, 562 pages"
Phytophthora riparia,Water,0,"Hansen, E.M., Reeser, P.W. , and Sutton, W. 2012. Phytophthora borealis and Phytophthora riparia, new species in Phytophthora ITS Clade 6. Mycologia 104: 1133-1142"
Phytophthora rosacearum,Prunus spp. (Rosaceae); Glycine max (Fabaceae),2,"Yang, X., Tyler, B.M., and Hong, C. 2017. An expanded phylogeny for the genus Phytophthora. IMA Fungus 8(2): 355-384; Rojas, J.A., Jacobs, J.L., Napieralski, S., Karaj, B., Bradley, C.A., Chase, T., Esker, P.D., Giesler, L.J., Jardine, D.J., Malvick, D.K., Markell, S.G., Nelson, B.D., Robertson, A.E., Rupe, J.C., Smith, D.L., Sweets, L.E., Tenuta, A.U., Wise, K.A., and Chilvers, M.I. 2017. Oomycete species associated with soybean seedlings in North America - Part I: Identification and pathogenicity characterization. Phytopathology 107: 280-292"
Phytophthora rubi,Rubus idaeus var. idaeus (Rosaceae).,1,"Stewart, J.E., Kroese, D., Tabima, J., Larsen, M.M., Fieland, V.J., Press, C.M., Zasada, I.A., and Grunwald, N.J. 2014. Pathogenicity, fungicide resistance, and genetic variability of Phytophthora rubi isolates from raspberry (Rubus idaeus) in the Western United States. Pl. Dis. 98(12): 1702-1708"
Phytophthora sansomeana,Abies fraseri (Pineaceae) Glycine spp. (Fabaceae),2,"Tang, Q.H., Gao, F., Li, G.Y., Wang, H. , Zheng, X.B., and Wang, Y.C. 2010. First report of root rot caused by Phytophthora sansomeana on soybean in China. Pl. Dis. 94: 378; McKeever, K.M., and Chastagner, G.A. 2016. A survey of Phytophthora spp. associated with Abies in U.S. Christmas tree farms. Pl. Dis. 100(6): 1161-1169"
Phytophthora siskiyouensis,"Lithocarpus densiflorus (Fagaceae), Umbellularia californica (Lauraceae). Alnus cordata, Alnus incana (Betulaceae)",3,"Perez-Sierra, A., Kalantarzadeh, M., Sancisi-Frey, S., and Brasier, C.M. 2015. Phytophthora siskiyouensis causing stem lesions and cankers on Alnus incana. New Disease Reports 31: 17; Reeser, P.W. , Hansen, E.M., and Sutton, W. 2007. Phytophthora siskiyouensis, a new species from soil, water, myrtlewood (Umbellularia californica) and tanoak (Lithocarpus densiflorus) in southwestern Oregon. Mycologia 99: 639-643"
Phytophthora sojae,"Glycine max (soybeans), Lupinus spp. (lupine) (Fabaceae); also reported from six other genera in five families (Phytophthora database).",6,"Farr, D.F., & Rossman, A.Y. Fungal Databases, U.S. National Fungus Collections, ARS, USDA"
Phytophthora stricta,NA,NA,NA
Phytophthora syringae,"29 genera in 14 families, including Syringa vulgaris (lilac, Oleaceae) and Rosaceae (phytophthora database) Malus sp. (Rosaceae); Malus sylvestris (Rosaceae); Prunus armeniaca (Rosaceae); Prunus dulcis (Rosaceae); Prunus sp. (Rosaceae); Rhododendron sp. (Ericaceae); Syringa sp. (Oleaceae) stem (Q-bank).",14,"Farr, D.F., & Rossman, A.Y. Fungal Databases, U.S. National Fungus Collections, ARS, USDA"
Phytophthora tentaculata,"Chrysanthemum spp. (Asteraceae), Mimulus aurantiacus (Phrymaceae), Verbena (Verbenaceae); Bacopa sp. (Plantaginaceae)",4,"Beal, L., Waghorn, I., Scrace, J., and Henricot, B. 2018. First report of Phytophthora tentaculata affecting Santolina in the UK. New Disease Reports 37: 8; Kroeber, H., and Marwitz, R. 1993. [Phytophthora tentaculata sp. nov. and Phytophthora cinnamomi var. parvispora var. nov., two new fungi from ornamental plants in Germany. Z. Pflanzenkrankh. Pflanzenschutz. 100: 250-258; "
Phytophthora terminalis,Pachysandra terminalis,1,"Man in't Veld, W.A., Rosendahl, K.C.H.M., van Rijswick, P.C.J., Meffert, J.P., Westenberg, M., van de Vossenberg, B.T.L.H., Denton, G., and van Kuik, F.A.J. 2015. Phytophthora terminalis sp. nov. and Phytophthora occultans sp. nov., two invasive pathogens of ornamental plants in Europe. Mycologia 107(1): 54-65"
Phytophthora thermophila,"Recovered from water and rhizosphere soil associated with dying Eucalyptus marginata (Myrtaceae), and Banksia grandis (Proteaceae)",2,"Jung, T., Stukely, M.J.C., Hardy, G.E.St.J., White, D., and Paap, T. 2011. Multiple new Phytophthora species from ITS Clade 6 associated with natural ecosystems in Australia: evolutionary and ecological implications. Persoonia 26: 13-39"
Phytophthora trifolii,Trifolium spp. (Fabaceae),1,"Erwin, D.C., and Ribeiro, O.K. 1996. Phytophthora Diseases Worldwide. APS Press, St. Paul, Minnesota, 562 pages"
Phytophthora tropicalis,14 genera in 12 families,12,"Farr, D.F., & Rossman, A.Y. Fungal Databases, U.S. National Fungus Collections, ARS, USDA"
Phytophthora tubulina,NA,NA,NA
Phytophthora tyrrhenica,NA,NA,NA
Phytophthora uliginosa,"Quercus robur, Quercus petraea (Fagaceae) (Jung et al 2002).  ",1,"Jung, T., Jung, M.H., Cacciola, S.O., Cech, T., Bakonyi, J., Seress, D., Mosca, S., Schena, L., Seddaiu, S., Pane, A., di San Lio, G.M., Maia, C., Cravador, A., Franceschini, A., and Scanu, B. 2017. Multiple new cryptic pathogenic Phytophthora species from Fagaceae forests in Austria, Italy and Portugal. IMA Fungus 8(2): 219-244; Jung, T., Hansen, E.M., Winton, L., Obwald, W. , and Delatour, C. 2002. Three new species of Phytophthora from European oak forests. Mycol. Res. 106: 397-411"
Phytophthora uniformis,"Alnus spp. (alder, Betulaceae).",1,"Redondo, M.A., Thomsen, I.M., and Oliva, J. 2017. First report of Phytophthora uniformis and P. plurivora causing stem cankers on Alnus glutinosa in Denmark. Pl. Dis. 101(3): 512;Adams, G.C., Catal, M. , Trummer, L., Hansen, E.M., Reeser, P., and Worrall, J.J. 2008. Phytophthora alni subsp. uniformis found in Alaska beneath thinleaf alders. Pl. Health Progr. Online: doi:10.1094/PHP-2008-1212-02-BR; Jung, T., Jung, M.H., Cacciola, S.O., Cech, T., Bakonyi, J., Seress, D., Mosca, S., Schena, L., Seddaiu, S., Pane, A., di San Lio, G.M., Maia, C., Cravador, A., Franceschini, A., and Scanu, B. 2017. Multiple new cryptic pathogenic Phytophthora species from Fagaceae forests in Austria, Italy and Portugal. IMA Fungus 8(2): 219-244 "
Phytophthora versiformis,NA,NA,NA
Phytophthora vignae,"Vigna spp., Cajanus cajan (Fabaceae); Solanum tuberosum (Solanaceae)",2,"Erwin, D.C., and Ribeiro, O.K. 1996. Phytophthora Diseases Worldwide. APS Press, St. Paul, Minnesota, 562 pages.; Watson, A.J. 1971. Foreign bacterial and fungus diseases of food, forage, and fiber crops. U.S.D.A. Agricultural Research Service : 111."
Phytophthora virginiana,Irrigation water. ornamental nursery reservoirs,0,"Yang, X., and Hong, C. 2013. Phytophthora virginiana sp. nov., a high-temperature tolerant species from irrigation water in Virginia. Mycotaxon 126: 167-176"
Phytophthora vulcanica,NA,NA,NA
Phytophthora x alni,"Alnus spp. (alder, Betulaceae).",1,"Brasier, C.M., Kirk, S.A., Delcan, J., Cooke, D.E.L., and Jung, T. 2004. Phytophthora alni sp. nov. and its variants: designation of emerging heteroploid hybrid pathogens spreading on Alnus trees. Mycol. Res. 108: 1172-1184.

Haque, M.M.U., Martin-Garcia, J., and Diez, J.J. 2015. Variation in pathogenicity among the three subspecies of Phytophthora alni on detached leaves, twigs and branches of Alnus glutinosa. Forest Pathol. 45: 484-491.;Husson, C., Aguayo, J., Revellin, C., Frey, P., Ioos, R., and Marcais, B. 2015. Evidence for homoploid speciation in Phytophthora alni supports taxonomic reclassification in this species complex. Fungal Genet. Biol. 77: 12-21.;Stochlova, P., Novotna, K., and Cerny, K. 2016. Variation in Alnus glutinosa susceptibility to Phytophthora xalni infection and its geographic pattern in the Czech Republic. Forest Pathol. 46(1): 3-10.;Zamora-Ballesteros, C., Haque, M.M.U., Diez, J.J., and Martin-Garcia, J. 2017. Pathogenicity of Phytophthora alni complex and P. plurivora in Alnus glutinosa seedlings. Forest Pathol. 47(2): e12299."
Phytophthora x andina,Solanaceae,1,"Forbes, G.A., Gamboa, S., Lindqvist-Kreuze, H., Oliva, R.F., and Perez, W. 2016. Identification of an A2 population of Phytophthora andina attacking tree tomato in Peru indicates a risk of sexual reproduction in this pathosystem. Pl. Pathol. 65: 1109-1117; Oliva, R.F., Kroon, L.P.N.M., Chacon, G., Flier, W.G., Ristaino, J.B., and Forbes, G.A. 2010. Phytophthora andina sp. nov., a newly identified heterothallic pathogen of solanaceous hosts in the Andean highlands. Pl. Pathol. 59: 613-625."
Phytophthora x heterohybrida,no known hosts,0,"Jung, T., Jung, M.H., Cacciola, S.O., Cech, T., Bakonyi, J., Seress, D., Mosca, S., Schena, L., Seddaiu, S., Pane, A., di San Lio, G.M., Maia, C., Cravador, A., Franceschini, A., and Scanu, B. 2017. Multiple new cryptic pathogenic Phytophthora species from Fagaceae forests in Austria, Italy and Portugal. IMA Fungus 8(2): 219-244. (51282); Jung, T., Jung, M.H., Scanu, B., Seress, D., Kovacs, G.M., Maia, C., Perez-Sierra, A., Chang, T.-T., Chandelier, A., Heungens, K., Van Poucke, K., Abad-Campos, P., Leon, M. , Cacciola, S.O., and Bakonyi, J. 2017. Six new Phytophthora species from ITS clade 7a including two sexually functional heterothallic hybrid species detected in natural ecosystems in Taiwan. Persoonia 38: 100-135."
Phytophthora x incrassata,no known hosts,0,"Jung, T., Jung, M.H., Cacciola, S.O., Cech, T., Bakonyi, J., Seress, D., Mosca, S., Schena, L., Seddaiu, S., Pane, A., di San Lio, G.M., Maia, C., Cravador, A., Franceschini, A., and Scanu, B. 2017. Multiple new cryptic pathogenic Phytophthora species from Fagaceae forests in Austria, Italy and Portugal. IMA Fungus 8(2): 219-244, ;  
Jung, T., Jung, M.H., Scanu, B., Seress, D., Kovacs, G.M., Maia, C., Perez-Sierra, A., Chang, T.-T., Chandelier, A., Heungens, K., Van Poucke, K., Abad-Campos, P., Leon, M. , Cacciola, S.O., and Bakonyi, J. 2017. Six new Phytophthora species from ITS clade 7a including two sexually functional heterothallic hybrid species detected in natural ecosystems in Taiwan. Persoonia 38: 100-135."
Phytophthora x multiformis,"Alnus spp. (alder, Betulaceae",1,"C. Pintos-Varela, C. Rial-Martínez, O. Aguín-Casal, and J. P. Mansilla-Vázquez, 2017. First Report of Phytophthora × multiformis on Alnus glutinosa in Spain, Plant Disease 101: 261"
Phytophthora x pelgrandis,Pelargonium grandiflorum (Geraniaceae),1,"Helgard I. Nirenberg, Wolfram F. Gerlach & Tom Gräfenhan (2009) Phytophthora × pelgrandis, a new natural hybrid pathogenic to Pelargonium grandiflorum hort., Mycologia, 101:2, 220-231"
Phytophthora x serendipita,"basal 
stem rot of Idesia ( Salicaceae) and Penstemon (Plantaginaceae) 
; Rhododensdron (Ericaceae)",3,"Willem A. Man in ’t Veld, Karin C.H.M. Rosendahl & Chuanxue Hong (2012) Phytophthora ×serendipita sp. nov. and P. ×pelgrandis, two destructive pathogens generated by natural hybridization, Mycologia, 104:6, 1390-1396"
Phytophthora x stagnum,NA,NA,NA
,,,
